context,percent,onesem,twosem
Followed male action,62.4945274680227,7.38220709338514,14.7644141867703
Unclear context,28.6367098283993,6.19932830679505,12.3986566135901
Preceded male action,2.5501904426323,0.974317080124084,1.94863416024817
Both followed and preceded male action,3.87850333344519,1.83101960134401,3.66203920268803
Followed female action,2.44006892750053,1.34478653448897,2.68957306897793